{
  "adr_0018_0019": {
    "bocd": {
      "decay_detected": false,
      "detection_index": null,
      "max_posterior": 0.0
    },
    "fold_mppm_oos_path": [
      0.48847576799273773,
      0.1666494976650657,
      0.510243069508308,
      -0.27367772755091657,
      -0.44365422400493526,
      0.018651093124860994,
      -0.3945754096097726,
      0.009211163798223626,
      -0.2055215854459515,
      0.16150784708458069,
      0.003124526668161649,
      -0.0063404458221446094,
      -0.016476260478116067,
      0.024086121760585597,
      0.38537837371592554,
      -0.22864354100580803,
      0.6450426107911756,
      0.2678537584672175,
      -0.13128972371167877,
      0.17733435472952852,
      1.0735446903725485
    ],
    "kelly_multiplier_mode": 2.5,
    "l_skewness_tau3": {
      "ci_high": 0.02993135838153357,
      "ci_low": -0.0644520954276415,
      "tau3": -0.017857279101388117
    }
  },
  "annotations_dot_separated": "leakage-canary-pass \u00b7 mppm-rho1-marginal \u00b7 bocd-decay-flag-not-raised \u00b7 kelly-multiplier-2.5 \u00b7 skew-flat \u00b7 claim-type-hybrid \u00b7 cost-zero-v1-pre-cost-research-only \u00b7 data-quality-degraded-days-annotated \u00b7 repro-log-complete \u00b7 calmar-diff-marginal \u00b7 pf-diff-marginal \u00b7 r-multiple-mean-marginal",
  "annotations_list": [
    "leakage-canary-pass",
    "mppm-rho1-marginal",
    "bocd-decay-flag-not-raised",
    "kelly-multiplier-2.5",
    "skew-flat",
    "claim-type-hybrid",
    "cost-zero-v1-pre-cost-research-only",
    "data-quality-degraded-days-annotated",
    "repro-log-complete",
    "calmar-diff-marginal",
    "pf-diff-marginal",
    "r-multiple-mean-marginal"
  ],
  "config_resolved_sha256": "24f8e69768a179668193b416458e0f0280113390d0f1b3160968039a584392f6",
  "cost_model": {
    "id": "zero_cost_v1_pre_cost_research_only"
  },
  "dataset_checksums": {
    "vendor_legacy_1min_roll_adjusted": "1247dc7ebd2252be837b545b1163702fd8d7bb20512dd3b206e69ec7a0cfe959"
  },
  "forward_projection_arm": {
    "block_length_pw2004": 1.0,
    "ending_equity": {
      "mean": 11577.559295850568,
      "median": 11352.01395986618,
      "p_double": 0.003,
      "p_loss": 0.2664,
      "p_ruin50": 0.0,
      "q01": 6935.43179267668,
      "q05": 7977.06396415038,
      "q95": 15862.340490936698,
      "q99": 18426.330368629035
    },
    "max_drawdown": {
      "mean": 0.17455096697122416,
      "median": 0.160579892700903,
      "q05": 0.0871928418832808,
      "q95": 0.3108401477701901
    },
    "n_paths": 5000,
    "n_sessions": 252,
    "sampling_method": "iid_bootstrap"
  },
  "forward_projection_bench": {
    "block_length_pw2004": 1.0,
    "ending_equity": {
      "mean": 11431.733216627003,
      "median": 11278.968419139655,
      "p_double": 0.0006,
      "p_loss": 0.223,
      "p_ruin50": 0.0,
      "q01": 7777.248185057831,
      "q05": 8658.479065478392,
      "q95": 14741.153702711215,
      "q99": 16496.20295144089
    },
    "max_drawdown": {
      "mean": 0.13333258556355687,
      "median": 0.12294847676241444,
      "q05": 0.06767973509548521,
      "q95": 0.23390020795251626
    },
    "n_paths": 5000,
    "n_sessions": 252,
    "sampling_method": "iid_bootstrap"
  },
  "git_head": "unknown",
  "hypothesis_id": "H060",
  "n_folds_realized": 21,
  "n_oos_sessions_aggregate": 1260,
  "per_fold": [
    {
      "best_cell": {
        "halflife": 30,
        "kelly_multiplier": 2.5,
        "lookback": 126,
        "mppm_train": 0.3094139431983898,
        "vol_target": 0.15
      },
      "fold": 0,
      "mppm_oos": 0.48847576799273773,
      "mppm_train": 0.3094139431983898,
      "n_oos_sessions": 60,
      "sr_arm_annualised": 2.3249428273487043,
      "sr_bench_annualised": 0.37197709969750276,
      "test_dates": [
        "2020-12-23 00:00:00+00:00",
        "2021-03-18 00:00:00+00:00"
      ],
      "train_dates": [
        "2020-01-02 00:00:00+00:00",
        "2020-12-21 00:00:00+00:00"
      ]
    },
    {
      "best_cell": {
        "halflife": 30,
        "kelly_multiplier": 2.5,
        "lookback": 126,
        "mppm_train": 0.275728940588938,
        "vol_target": 0.15
      },
      "fold": 1,
      "mppm_oos": 0.1666494976650657,
      "mppm_train": 0.275728940588938,
      "n_oos_sessions": 60,
      "sr_arm_annualised": 1.044990907927133,
      "sr_bench_annualised": 2.66903113963812,
      "test_dates": [
        "2021-03-19 00:00:00+00:00",
        "2021-06-10 00:00:00+00:00"
      ],
      "train_dates": [
        "2020-03-26 00:00:00+00:00",
        "2021-03-17 00:00:00+00:00"
      ]
    },
    {
      "best_cell": {
        "halflife": 30,
        "kelly_multiplier": 2.5,
        "lookback": 126,
        "mppm_train": 0.32771867240876457,
        "vol_target": 0.15
      },
      "fold": 2,
      "mppm_oos": 0.510243069508308,
      "mppm_train": 0.32771867240876457,
      "n_oos_sessions": 60,
      "sr_arm_annualised": 2.7353528376186027,
      "sr_bench_annualised": -0.6590933165244542,
      "test_dates": [
        "2021-06-11 00:00:00+00:00",
        "2021-09-02 00:00:00+00:00"
      ],
      "train_dates": [
        "2020-06-19 00:00:00+00:00",
        "2021-06-09 00:00:00+00:00"
      ]
    },
    {
      "best_cell": {
        "halflife": 30,
        "kelly_multiplier": 2.5,
        "lookback": 126,
        "mppm_train": 0.31761320169722507,
        "vol_target": 0.15
      },
      "fold": 3,
      "mppm_oos": -0.27367772755091657,
      "mppm_train": 0.31761320169722507,
      "n_oos_sessions": 60,
      "sr_arm_annualised": -1.1585309558130057,
      "sr_bench_annualised": 0.37859387933980265,
      "test_dates": [
        "2021-09-03 00:00:00+00:00",
        "2021-11-25 00:00:00+00:00"
      ],
      "train_dates": [
        "2020-09-11 00:00:00+00:00",
        "2021-09-01 00:00:00+00:00"
      ]
    },
    {
      "best_cell": {
        "halflife": 30,
        "kelly_multiplier": 2.5,
        "lookback": 126,
        "mppm_train": 0.23209742935789648,
        "vol_target": 0.15
      },
      "fold": 4,
      "mppm_oos": -0.44365422400493526,
      "mppm_train": 0.23209742935789648,
      "n_oos_sessions": 60,
      "sr_arm_annualised": -1.5031424933374642,
      "sr_bench_annualised": -1.3975654996639613,
      "test_dates": [
        "2021-11-26 00:00:00+00:00",
        "2022-02-18 00:00:00+00:00"
      ],
      "train_dates": [
        "2020-12-04 00:00:00+00:00",
        "2021-11-24 00:00:00+00:00"
      ]
    },
    {
      "best_cell": {
        "halflife": 30,
        "kelly_multiplier": 0.25,
        "lookback": 126,
        "mppm_train": -2.407930057994178e-05,
        "vol_target": 0.05
      },
      "fold": 5,
      "mppm_oos": 0.018651093124860994,
      "mppm_train": -2.407930057994178e-05,
      "n_oos_sessions": 60,
      "sr_arm_annualised": 1.6826154416063313,
      "sr_bench_annualised": -2.1698986500712696,
      "test_dates": [
        "2022-02-21 00:00:00+00:00",
        "2022-05-16 00:00:00+00:00"
      ],
      "train_dates": [
        "2021-03-02 00:00:00+00:00",
        "2022-02-17 00:00:00+00:00"
      ]
    },
    {
      "best_cell": {
        "halflife": 30,
        "kelly_multiplier": 2.5,
        "lookback": 126,
        "mppm_train": 0.10590611747465581,
        "vol_target": 0.15
      },
      "fold": 6,
      "mppm_oos": -0.3945754096097726,
      "mppm_train": 0.10590611747465581,
      "n_oos_sessions": 60,
      "sr_arm_annualised": -1.4797946969514646,
      "sr_bench_annualised": 0.7426589215868121,
      "test_dates": [
        "2022-05-17 00:00:00+00:00",
        "2022-08-08 00:00:00+00:00"
      ],
      "train_dates": [
        "2021-05-25 00:00:00+00:00",
        "2022-05-13 00:00:00+00:00"
      ]
    },
    {
      "best_cell": {
        "halflife": 60,
        "kelly_multiplier": 0.25,
        "lookback": 126,
        "mppm_train": -0.001734019286658126,
        "vol_target": 0.05
      },
      "fold": 7,
      "mppm_oos": 0.009211163798223626,